manifest_id,source,provider,object_key_or_url,retrieved_utc,sha256,bytes,init_utc,variable,member,step_start_h,step_end_h,units,status,notes
fixture-v1,fixture,repository,data/fixtures/replay_contract.json,,,,2018-08-01T00:00:00Z,illustrative,,,,,fixture,Not source data; no empirical claim
imd-2017-pilot,imd,IMD Pune,https://imdpune.gov.in/cmpg/Griddata/RF25.php (POST RF25=2017),2026-09-26T19:38:04Z,49786e2d2b661c5d3bcfb3ffd90385c1133ec27a8a04bf272ff2df5029106a9c,25431832,,RAINFALL,,,,mm,decoded,"Content-Disposition ind2017_rfp25.nc; NetCDF: TIME=365, LATITUDE=129, LONGITUDE=135; missing=4544615"
imd-2018-pilot,imd,IMD Pune,https://imdpune.gov.in/cmpg/Griddata/RF25.php (POST RF25=2018),2026-09-26T19:38:43Z,26bd53aeb2d6f3f7d39516c41606db005dede474906b33462d1a0caef69cd6ec,25431832,,RAINFALL,,,,mm,decoded,"Content-Disposition ind2018_rfp25.nc; NetCDF: TIME=365, LATITUDE=129, LONGITUDE=135; missing=4544615"
gefs-20180801-c00-apcp,gefs,NOAA GEFSv12 reforecast,GEFSv12/reforecast/2018/2018080100/c00/Days:1-10/apcp_sfc_2018080100_c00.grib2,,,28987248,2018-08-01T00:00:00Z,apcp_sfc,c00,0,240,kg m**-2,decoded,"S3 ETag ed0cae037f26554470a6321f071eed34; cfgrib tp accum; 721x1440 0.25-degree grid; 80 messages; local SHA-256 unavailable after pilot-file name collision"
gefs-20180801-p01-apcp,gefs,NOAA GEFSv12 reforecast,GEFSv12/reforecast/2018/2018080100/p01/Days:1-10/apcp_sfc_2018080100_p01.grib2,,938e4a5ce8dd2e67d53d1a318232ccbb9832649536d6eb8dfc3b2f79d3006ccf,23839440,2018-08-01T00:00:00Z,apcp_sfc,p01,0,240,kg m**-2,decoded,"S3 ETag ecac647ff6730cad2d96d7a1e8dbba4c; cfgrib tp accum; member number=1"
gefs-20180801-p02-apcp,gefs,NOAA GEFSv12 reforecast,GEFSv12/reforecast/2018/2018080100/p02/Days:1-10/apcp_sfc_2018080100_p02.grib2,,2fbc0a9f1fbb29931213ff626dc23f7f5fbad2a2a12da63e7d314c472d51d4ff,24650917,2018-08-01T00:00:00Z,apcp_sfc,p02,0,240,kg m**-2,decoded,"S3 ETag cba251617686b305321a98b1c2a05b52; cfgrib tp accum; member number=2"
gefs-20180801-p03-apcp,gefs,NOAA GEFSv12 reforecast,GEFSv12/reforecast/2018/2018080100/p03/Days:1-10/apcp_sfc_2018080100_p03.grib2,,16314e421bd3ebc61a59d7e3cf02742952d7f0fa41f651595fb7e32657f5eff5,25169090,2018-08-01T00:00:00Z,apcp_sfc,p03,0,240,kg m**-2,decoded,"S3 ETag bcfb0959b6fdd214f1f1e17eaffd7602; cfgrib tp accum; member number=3"
gefs-20180801-p04-apcp,gefs,NOAA GEFSv12 reforecast,GEFSv12/reforecast/2018/2018080100/p04/Days:1-10/apcp_sfc_2018080100_p04.grib2,,d0427ce30437ad64e3e4d4de11556cf144a504510b55c8248f5d4cf9a4b52ed3,25465957,2018-08-01T00:00:00Z,apcp_sfc,p04,0,240,kg m**-2,decoded,"S3 ETag 0bc93980a9d7b72f65297bcf7397824b; cfgrib tp accum; member number=4"
gefs-20180801-c00-pwat,gefs,NOAA GEFSv12 reforecast,GEFSv12/reforecast/2018/2018080100/c00/Days:1-10/pwat_eatm_2018080100_c00.grib2,,ed681075bf0032ca85fe6a0b69446b75ef22317ced0d9ee804dc9d6f761affe1,37675232,2018-08-01T00:00:00Z,pwat_eatm,c00,3,240,kg m**-2,decoded,"S3 ETag c836a1e4f4114033c8c6d737b1947141; cfgrib pwat instant; member number=0"
gefs-20180801-c00-apcp-day10,gefs,NOAA GEFSv12 reforecast,GEFSv12/reforecast/2018/2018080100/c00/Days:10-35/apcp_sfc_2018080100_c00.grib2,,638e3b6ed28f2d95be6efec65fab6f9445bcef376ec2b500a5c51e474421169d,10441208,2018-08-01T00:00:00Z,apcp_sfc,c00,240,246,kg m**-2,decoded,"S3 ETag aa9f2b7012a8ddc06dd67d10598116af; cfgrib tp accum; first interval 240-246 on 361x720 0.5-degree grid"
